{
    "_format": "FDTD Input file",
    "general": {
        "timeStep": 7.70333e-11,
        "numberOfSteps": 519,
        "additionalArguments": ""
    },
    "boundary": {
        "all": {
            "type": "pml",
            "layers": 10,
            "order": 2,
            "reflection": 0.001
        }
    },
    "mesh": {
        "grid": {
            "numberOfCells": [
                20,
                60,
                20
            ],
            "steps": {
                "x": [
                    0.1,
                    0.1,
                    0.10000000000000003,
                    0.09999999999999998,
                    0.09999999999999998,
                    0.09999999999999998,
                    0.09999999999999998,
                    0.09999999999999998,
                    0.09999999999999998,
                    0.09999999999999998,
                    0.09999999999999998,
                    0.10000000000000009,
                    0.10000000000000009,
                    0.10000000000000009,
                    0.10000000000000009,
                    0.10000000000000009,
                    0.10000000000000009,
                    0.10000000000000009,
                    0.10000000000000009,
                    0.09999999999999942
                ],
                "y": [
                    0.1,
                    0.1,
                    0.10000000000000003,
                    0.09999999999999998,
                    0.09999999999999998,
                    0.09999999999999998,
                    0.09999999999999998,
                    0.09999999999999998,
                    0.09999999999999998,
                    0.09999999999999998,
                    0.09999999999999998,
                    0.10000000000000009,
                    0.10000000000000009,
                    0.10000000000000009,
                    0.10000000000000009,
                    0.10000000000000009,
                    0.10000000000000009,
                    0.10000000000000009,
                    0.10000000000000009,
                    0.09999999999999987,
                    0.10000000000000009,
                    0.10000000000000009,
                    0.10000000000000009,
                    0.10000000000000009,
                    0.10000000000000009,
                    0.10000000000000009,
                    0.10000000000000009,
                    0.10000000000000009,
                    0.10000000000000009,
                    0.10000000000000009,
                    0.10000000000000009,
                    0.10000000000000009,
                    0.10000000000000009,
                    0.10000000000000009,
                    0.10000000000000009,
                    0.10000000000000009,
                    0.10000000000000009,
                    0.10000000000000009,
                    0.10000000000000009,
                    0.09999999999999964,
                    0.09999999999999964,
                    0.09999999999999964,
                    0.09999999999999964,
                    0.09999999999999964,
                    0.09999999999999964,
                    0.09999999999999964,
                    0.09999999999999964,
                    0.09999999999999964,
                    0.09999999999999964,
                    0.09999999999999964,
                    0.09999999999999964,
                    0.09999999999999964,
                    0.09999999999999964,
                    0.09999999999999964,
                    0.09999999999999964,
                    0.09999999999999964,
                    0.09999999999999964,
                    0.09999999999999964,
                    0.09999999999999964,
                    0.10000000000000497
                ],
                "z": [
                    0.1,
                    0.1,
                    0.10000000000000003,
                    0.09999999999999998,
                    0.09999999999999998,
                    0.09999999999999998,
                    0.09999999999999998,
                    0.09999999999999998,
                    0.09999999999999998,
                    0.09999999999999998,
                    0.09999999999999998,
                    0.10000000000000009,
                    0.10000000000000009,
                    0.10000000000000009,
                    0.10000000000000009,
                    0.10000000000000009,
                    0.10000000000000009,
                    0.10000000000000009,
                    0.10000000000000009,
                    0.09999999999999942
                ]
            }
        },
        "coordinates": [
            {
                "id": 1,
                "relativePosition": [
                    10.0,
                    10.0,
                    1.0
                ]
            },
            {
                "id": 3,
                "relativePosition": [
                    10.0,
                    50.0,
                    6.0
                ]
            },
            {
                "id": 4,
                "relativePosition": [
                    10.0,
                    10.0,
                    2.0
                ]
            },
            {
                "id": 5,
                "relativePosition": [
                    10.0,
                    10.0,
                    3.0
                ]
            },
            {
                "id": 6,
                "relativePosition": [
                    10.0,
                    10.0,
                    4.0
                ]
            },
            {
                "id": 7,
                "relativePosition": [
                    10.0,
                    10.0,
                    6.0
                ]
            }
        ],
        "elements": [
            {
                "id": 1,
                "type": "node",
                "coordinateIds": [
                    1
                ]
            },
            {
                "id": 2,
                "type": "polyline",
                "coordinateIds": [
                    7,
                    3
                ]
            },
            {
                "id": 3,
                "type": "cell",
                "intervals": [
                    [
                        [
                            0,
                            0,
                            0
                        ],
                        [
                            0,
                            60,
                            1
                        ]
                    ],
                    [
                        [
                            0,
                            0,
                            0
                        ],
                        [
                            20,
                            0,
                            1
                        ]
                    ],
                    [
                        [
                            0,
                            0,
                            0
                        ],
                        [
                            20,
                            60,
                            0
                        ]
                    ],
                    [
                        [
                            0,
                            0,
                            1
                        ],
                        [
                            20,
                            60,
                            1
                        ]
                    ],
                    [
                        [
                            20,
                            0,
                            0
                        ],
                        [
                            20,
                            60,
                            1
                        ]
                    ],
                    [
                        [
                            0,
                            60,
                            0
                        ],
                        [
                            20,
                            60,
                            1
                        ]
                    ]
                ]
            },
            {
                "id": 4,
                "type": "polyline",
                "coordinateIds": [
                    1,
                    4,
                    5,
                    6,
                    7
                ]
            },
            {
                "id": 5,
                "type": "cell",
                "intervals": [
                    [
                        [
                            10,
                            50,
                            6
                        ],
                        [
                            10,
                            50,
                            6
                        ]
                    ],
                    [
                        [
                            10,
                            50,
                            6
                        ],
                        [
                            10,
                            50,
                            6
                        ]
                    ]
                ]
            },
            {
                "id": 6,
                "type": "cell",
                "intervals": [
                    [
                        [
                            9,
                            9,
                            1
                        ],
                        [
                            11,
                            11,
                            1
                        ]
                    ]
                ]
            },
            {
                "id": 7,
                "type": "node",
                "coordinateIds": [
                    1
                ]
            },
            {
                "id": 8,
                "type": "node",
                "coordinateIds": [
                    4
                ]
            },
            {
                "id": 9,
                "type": "node",
                "coordinateIds": [
                    5
                ]
            },
            {
                "id": 10,
                "type": "node",
                "coordinateIds": [
                    6
                ]
            },
            {
                "id": 11,
                "type": "cell",
                "intervals": [
                    [
                        [
                            10,
                            10,
                            6
                        ],
                        [
                            10,
                            10,
                            6
                        ]
                    ],
                    [
                        [
                            10,
                            10,
                            6
                        ],
                        [
                            10,
                            10,
                            6
                        ]
                    ]
                ]
            },
            {
                "id": 12,
                "type": "cell",
                "intervals": [
                    [
                        [
                            10,
                            10,
                            6
                        ],
                        [
                            10,
                            10,
                            6
                        ]
                    ],
                    [
                        [
                            10,
                            10,
                            6
                        ],
                        [
                            10,
                            10,
                            6
                        ]
                    ]
                ]
            },
            {
                "id": 13,
                "type": "cell",
                "intervals": [
                    [
                        [
                            10,
                            10,
                            1
                        ],
                        [
                            10,
                            10,
                            1
                        ]
                    ],
                    [
                        [
                            10,
                            10,
                            1
                        ],
                        [
                            10,
                            10,
                            1
                        ]
                    ]
                ]
            },
            {
                "id": 14,
                "type": "node",
                "coordinateIds": [
                    1
                ]
            }
        ]
    },
    "materials": [
        {
            "name": "IsotropicMaterial",
            "id": 1,
            "type": "isotropic",
            "relativePermittivity": 1.0,
            "relativePermeability": 1.0,
            "electricConductivity": 59171597.0,
            "magneticConductivity": 0.0
        },
        {
            "name": "LeadWirematerial",
            "id": 2,
            "type": "wire",
            "radius": 0.01,
            "resistancePerMeter": 0.0,
            "inductancePerMeter": 0.0
        },
        {
            "name": "HorizontalWirematerial",
            "id": 3,
            "type": "wire",
            "radius": 0.015,
            "resistancePerMeter": 0.0,
            "inductancePerMeter": 0.0
        },
        {
            "name": "Terminal50Ohm",
            "id": 4,
            "type": "terminal",
            "terminations": [
                {
                    "type": "series",
                    "resistance": 50.0,
                    "capacitance": 1e+22
                }
            ]
        },
        {
            "name": "Short",
            "id": 5,
            "type": "terminal",
            "terminations": [
                {
                    "type": "short"
                }
            ]
        },
        {
            "name": "Open",
            "id": 6,
            "type": "terminal",
            "terminations": [
                {
                    "type": "open"
                }
            ]
        }
    ],
    "materialAssociations": [
        {
            "name": "Horizontal Cable",
            "type": "cable",
            "elementIds": [
                2
            ],
            "materialId": 3,
            "initialTerminalId": 5,
            "endTerminalId": 6
        },
        {
            "type": "bulk",
            "materialId": 1,
            "elementIds": [
                3
            ]
        },
        {
            "name": "Lead Cable",
            "type": "cable",
            "elementIds": [
                4
            ],
            "materialId": 2,
            "initialTerminalId": 4,
            "endTerminalId": 5
        }
    ],
    "sources": [
        {
            "name": "Generator on line",
            "type": "generator",
            "magnitudeFile": "noda2002.exc",
            "elementIds": [
                1
            ],
            "field": "voltage"
        }
    ],
    "probes": [
        {
            "name": "Wire probe",
            "type": "wire",
            "field": "current",
            "elementIds": [
                7
            ],
            "domain": {
                "type": "time"
            }
        },
        {
            "name": "Wire probe001",
            "type": "wire",
            "field": "current",
            "elementIds": [
                8
            ],
            "domain": {
                "type": "time"
            }
        },
        {
            "name": "Wire probe002",
            "type": "wire",
            "field": "current",
            "elementIds": [
                9
            ],
            "domain": {
                "type": "time"
            }
        },
        {
            "name": "Wire probe003",
            "type": "wire",
            "field": "current",
            "elementIds": [
                10
            ],
            "domain": {
                "type": "time"
            }
        },
        {
            "name": "Bulk probe",
            "type": "bulkCurrent",
            "field": "electric",
            "elementIds": [
                6
            ],
            "domain": {
                "type": "time"
            }
        }
    ]
}